id,username,image_url
5,Aniya_Hackett,NULL
7,Kasandra_Homenick,NULL
14,Jaclyn81,NULL
21,Rocio33,NULL
24,Maxwell.Halvorson,NULL
25,Tierra.Trantow,NULL
34,Pearl7,NULL
36,Ollie_Ledner37,NULL
41,Mckenna17,NULL
45,David.Osinski47,NULL
49,Morgan.Kassulke,NULL
53,Linnea59,NULL
54,Duane60,NULL
57,Julien_Schmidt,NULL
66,Mike.Auer39,NULL
68,Franco_Keebler64,NULL
71,Nia_Haag,NULL
74,Hulda.Macejkovic,NULL
75,Leslie67,NULL
76,Janelle.Nikolaus81,NULL
80,Darby_Herzog,NULL
81,Esther.Zulauf61,NULL
83,Bartholome.Bernhard,NULL
89,Jessyca_West,NULL
90,Esmeralda.Mraz57,NULL
91,Bethany20,NULL
